Rainfall_mm,Temperature_Celsius,Fertilizer_Used,Irrigation_Used,Days_to_Harvest,Crop_Cotton,Crop_Maize,Crop_Rice,Crop_Soybean,Crop_Wheat,Soil_Type_Clay,Soil_Type_Loam,Soil_Type_Peaty,Soil_Type_Sandy,Soil_Type_Silt,Weather_Condition_Rainy,Weather_Condition_Sunny
646.9853458,31.22130349,0,0,61,False,True,False,False,False,False,False,False,False,False,False,False
363.7282749,27.01496483,0,1,73,False,False,False,True,False,False,False,False,True,False,False,True
154.2860761,31.60905482,0,0,77,False,False,False,True,False,True,False,False,False,False,False,False
553.3970412,23.78988736,0,0,79,False,False,False,False,False,False,True,False,False,False,False,True
225.3585555,19.56228334,1,1,88,False,False,False,False,True,False,False,True,False,False,False,True
252.823624,17.146998,0,0,76,False,False,False,False,True,False,False,True,False,False,False,True
851.2003411,29.53903432,0,0,103,False,False,False,True,False,False,False,False,False,True,False,True
877.4012461,28.03687443,0,0,99,False,False,True,False,False,False,False,True,False,False,False,False
895.1636703,22.2662422,0,0,103,False,False,False,False,False,False,False,False,False,True,False,False
300.7984079,29.14351667,1,1,60,False,False,True,False,False,False,False,False,False,False,True,False
675.3471255,30.28394801,0,0,96,False,False,True,False,False,False,False,False,False,False,False,True
204.6386614,15.34918512,1,0,130,False,False,False,False,False,True,False,False,False,False,True,False
811.6552749,19.78123523,1,0,114,False,False,False,False,False,False,False,False,False,True,False,False
778.3133471,20.63580472,1,1,86,True,False,False,False,False,False,False,True,False,False,False,False
258.9458802,31.20086052,0,0,67,False,False,False,False,True,False,False,False,True,False,False,True
108.0793572,23.19531614,1,0,76,True,False,False,False,False,False,False,False,False,False,True,False
224.0687116,38.18668321,0,1,132,False,True,False,False,False,False,False,False,True,False,True,False
498.0127922,37.11940745,0,1,63,False,False,True,False,False,False,False,False,False,True,False,True
505.9301554,18.92727753,0,0,108,False,False,True,False,False,False,True,False,False,False,True,False
278.7240975,15.94003615,1,1,75,False,False,True,False,False,False,False,False,False,True,False,False
386.1059042,23.21157131,0,0,61,True,False,False,False,False,False,False,True,False,False,True,False
714.9006927,20.67651555,1,0,66,False,False,True,False,False,False,False,True,False,False,False,False
459.3699017,18.61276117,0,0,143,False,False,False,False,False,True,False,False,False,False,False,False
828.1706409,22.51340257,1,0,108,False,False,True,False,False,True,False,False,False,False,False,True
401.2638567,33.28596715,0,0,67,False,True,False,False,False,True,False,False,False,False,True,False
965.5279313,19.58387748,0,1,92,False,False,True,False,False,False,True,False,False,False,True,False
851.2900866,31.19042296,1,1,93,False,False,True,False,False,True,False,False,False,False,False,True
298.1549359,35.23800197,0,0,105,False,False,False,False,True,True,False,False,False,False,False,False
148.1666972,23.14116851,0,1,112,True,False,False,False,False,False,False,True,False,False,False,False
562.5262177,39.96114117,1,0,144,False,False,False,True,False,False,False,False,True,False,False,True
142.1604359,21.20476812,1,0,132,True,False,False,False,False,False,False,True,False,False,False,False
965.9336565,26.10869201,0,1,116,False,False,False,False,True,False,False,False,True,False,False,False
783.0419237,36.90043456,0,1,92,False,True,False,False,False,False,False,False,False,False,True,False
612.9402645,20.55468038,1,1,114,False,True,False,False,False,False,False,False,True,False,True,False
989.3370652,28.02451173,0,0,61,False,False,False,False,False,True,False,False,False,False,False,True
806.5720295,20.81661268,0,1,96,False,False,False,False,False,False,False,False,False,False,False,False
792.5439879,38.72097183,0,0,111,False,False,False,False,False,False,False,True,False,False,True,False
280.8603734,25.77595228,0,0,65,False,False,False,False,True,False,False,True,False,False,False,True
329.2906265,28.09830844,0,0,99,False,False,False,False,False,False,False,False,False,False,True,False
453.6169379,39.99786026,0,0,97,True,False,False,False,False,False,False,False,False,True,False,True
778.2895563,26.29805674,1,1,131,False,False,False,False,True,False,False,False,False,True,False,False
481.4800194,19.74381695,1,0,103,False,False,False,False,True,False,True,False,False,False,True,False
124.4697966,20.63052475,0,0,72,False,False,True,False,False,False,False,False,False,True,False,True
908.8983641,29.73935485,1,1,144,True,False,False,False,False,False,False,True,False,False,False,True
805.3101629,38.18831316,1,1,123,False,False,False,True,False,False,False,False,False,False,False,False
396.9834216,35.0006104,0,1,132,True,False,False,False,False,False,False,False,False,False,False,True
977.621748,23.76682167,1,1,66,False,True,False,False,False,True,False,False,False,False,False,True
549.7832645,30.39796179,0,1,133,False,False,True,False,False,False,False,False,False,True,False,False
981.1911108,18.41855794,0,1,92,False,False,True,False,False,False,False,False,True,False,True,False
827.8830576,17.79061668,0,1,139,True,False,False,False,False,False,False,False,True,False,False,False
120.067699,35.14565762,1,0,97,False,False,False,False,False,False,False,False,True,False,False,True
158.6346299,36.61073214,1,1,99,False,False,True,False,False,False,False,True,False,False,False,False
462.374318,25.77452626,0,1,147,False,False,False,True,False,False,False,False,True,False,True,False
699.2670891,29.68763074,0,1,107,False,False,False,False,False,True,False,False,False,False,False,False
867.6209554,15.94968256,1,0,119,False,False,False,True,False,False,False,False,True,False,False,False
259.4181251,17.26189246,0,0,110,False,True,False,False,False,False,False,False,False,True,False,True
129.1938117,27.12981961,0,0,123,False,False,True,False,False,False,True,False,False,False,False,True
876.7465424,16.6765997,1,0,147,False,False,False,True,False,False,True,False,False,False,True,False
108.2408595,39.9887035,0,0,141,False,False,True,False,False,True,False,False,False,False,True,False
538.4714849,20.23515561,1,0,122,False,True,False,False,False,False,False,False,False,True,False,True
445.8077717,24.29793833,0,0,61,False,False,False,False,False,True,False,False,False,False,True,False
135.0177594,24.28726989,0,0,109,False,False,False,False,False,True,False,False,False,False,False,True
535.5243702,39.79648878,0,1,144,False,False,False,False,False,False,False,False,False,True,False,True
267.823363,20.09649066,0,1,61,True,False,False,False,False,False,False,False,True,False,True,False
444.4091392,26.67258731,1,1,131,False,False,False,True,False,False,True,False,False,False,False,True
109.8972289,20.43576687,0,0,119,False,True,False,False,False,False,True,False,False,False,True,False
357.9023572,31.59343139,0,0,90,False,False,False,False,True,True,False,False,False,False,True,False
927.7643943,35.82595294,0,0,139,False,False,False,False,True,False,False,True,False,False,False,False
356.280872,25.49453041,1,1,125,False,False,False,False,True,False,False,True,False,False,True,False
601.4213463,30.23439558,1,1,80,False,False,False,True,False,True,False,False,False,False,False,True
124.5955591,24.38163947,0,0,125,False,False,False,True,False,True,False,False,False,False,True,False
638.7242531,19.3838728,1,1,87,False,True,False,False,False,False,True,False,False,False,False,False
327.9157865,23.47247,0,0,138,True,False,False,False,False,False,True,False,False,False,False,True
504.6403235,24.54514909,0,0,86,True,False,False,False,False,False,False,False,True,False,True,False
710.3668631,20.28706451,0,1,149,False,False,False,True,False,False,False,False,False,True,False,True
482.8455055,22.00179352,0,0,93,False,True,False,False,False,False,False,False,False,True,False,True
234.6561678,29.74045807,0,1,139,False,False,False,False,False,False,False,True,False,False,True,False
235.6183833,25.04092078,1,1,136,False,False,True,False,False,True,False,False,False,False,True,False
712.2092165,25.61938131,0,0,134,False,False,False,False,True,False,False,False,False,False,False,False
671.7994393,34.64317897,0,0,126,False,False,False,True,False,False,False,False,False,True,True,False
205.7487368,29.76658872,1,1,66,True,False,False,False,False,False,False,True,False,False,False,False
575.5516111,17.44129264,0,0,74,False,False,False,False,False,False,False,False,False,False,True,False
325.8699558,23.42636244,1,1,79,False,False,True,False,False,False,True,False,False,False,False,True
120.9181093,15.57511325,1,0,106,False,False,False,False,False,False,False,False,False,True,False,False
805.701203,29.20012383,1,0,145,False,False,True,False,False,False,False,True,False,False,False,True
273.5779162,32.09481672,0,1,60,False,False,False,True,False,False,False,False,True,False,False,False
604.5851306,36.91617628,1,0,131,False,False,False,False,False,False,False,False,False,False,False,True
162.3086749,37.8135779,0,1,124,False,False,False,False,False,False,False,False,False,False,False,True
896.1353251,30.20211088,0,1,131,False,False,True,False,False,False,False,False,False,True,False,True
723.5175938,15.15776658,1,0,149,True,False,False,False,False,True,False,False,False,False,True,False
903.6754912,36.23042191,0,0,106,False,False,False,False,False,False,False,True,False,False,True,False
623.524482,21.9016915,0,0,66,True,False,False,False,False,False,False,False,False,False,False,True
546.4365753,37.53667878,1,1,74,False,True,False,False,False,False,False,True,False,False,True,False
583.1918987,25.10666316,0,1,113,True,False,False,False,False,False,True,False,False,False,True,False
370.2483964,18.31024235,0,0,147,False,False,False,False,False,False,True,False,False,False,False,True
302.5901802,27.78946494,1,1,116,False,False,True,False,False,False,False,False,False,True,False,True
480.3051868,35.46198556,0,0,121,True,False,False,False,False,False,False,True,False,False,True,False
644.2868694,23.68756077,1,1,80,False,False,False,False,False,False,False,False,False,True,False,True
199.3819369,24.4053997,0,0,77,False,False,False,True,False,False,False,False,False,True,True,False
486.1247495,15.5074892,1,1,91,True,False,False,False,False,False,False,False,True,False,False,False
318.0130098,37.38296491,0,1,121,False,True,False,False,False,True,False,False,False,False,True,False
509.3826054,17.25517538,1,0,131,False,False,False,True,False,False,True,False,False,False,True,False
788.1588112,32.41534127,1,0,96,False,False,False,False,False,False,True,False,False,False,False,False
929.6652682,28.8683087,1,1,115,False,False,False,False,True,True,False,False,False,False,False,True
740.6803992,31.2194814,0,0,73,False,False,True,False,False,False,False,True,False,False,False,False
696.0989407,35.87493816,0,0,92,True,False,False,False,False,False,False,False,False,True,False,False
404.1745389,32.22615812,0,1,100,False,False,False,True,False,False,False,False,True,False,False,True
977.2590831,17.60409957,0,1,93,False,False,False,False,False,False,False,False,True,False,False,True
167.3549844,24.82543855,0,0,66,False,False,True,False,False,False,False,False,False,False,False,False
781.4334251,25.53513415,1,0,66,True,False,False,False,False,False,False,False,True,False,True,False
903.7819488,20.59656506,0,0,128,False,True,False,False,False,False,False,False,False,True,False,False
348.1310175,37.17467501,1,1,148,False,True,False,False,False,True,False,False,False,False,False,False
592.0835204,26.19401581,1,1,142,False,True,False,False,False,False,True,False,False,False,True,False
259.3935637,27.61689164,1,0,91,True,False,False,False,False,False,True,False,False,False,False,True
801.640346,18.99065226,0,1,147,False,False,True,False,False,False,True,False,False,False,False,True
201.7660396,34.91045218,0,1,99,False,False,False,False,False,False,False,False,False,True,False,False
279.3744371,32.94229766,0,1,113,True,False,False,False,False,False,False,False,False,True,False,False
764.725135,26.92944494,0,1,89,False,False,True,False,False,True,False,False,False,False,True,False
550.0733489,15.54339861,1,0,95,False,False,True,False,False,False,False,False,True,False,True,False
747.68276,33.38941591,1,1,100,True,False,False,False,False,False,True,False,False,False,False,False
525.787625,33.63002819,1,1,93,False,False,False,True,False,False,False,False,True,False,True,False
569.893336,23.46081056,0,1,125,True,False,False,False,False,False,True,False,False,False,False,True
597.2721477,33.54188299,0,0,73,False,True,False,False,False,False,False,False,True,False,True,False
233.2879846,32.41502969,0,0,149,False,False,False,False,False,True,False,False,False,False,True,False
986.5418792,24.68156386,1,0,77,False,False,False,False,False,False,False,False,False,True,False,True
770.1576218,27.71433069,0,1,99,False,False,False,False,False,False,False,True,False,False,True,False
351.7386431,29.8215859,0,0,80,False,False,False,False,True,False,False,False,False,False,True,False
368.3224602,37.77381373,0,0,62,True,False,False,False,False,False,False,False,False,False,True,False
425.5755659,16.6654316,0,1,69,False,False,False,True,False,False,True,False,False,False,False,True
336.0924372,24.18765021,0,0,117,False,False,False,True,False,False,False,False,False,False,False,False
648.949069,35.1899604,0,1,79,True,False,False,False,False,False,False,True,False,False,True,False
189.5499789,15.84403325,0,0,147,False,True,False,False,False,False,False,True,False,False,False,True
257.0681167,18.54140994,1,0,103,False,True,False,False,False,False,False,False,False,False,True,False
496.7199805,25.91421855,0,1,123,False,False,False,False,True,False,False,False,False,False,False,True
339.8228329,35.77910354,1,1,75,False,False,False,False,True,False,True,False,False,False,True,False
293.3722635,16.81147059,1,0,123,False,False,False,False,True,False,False,False,False,False,False,True
937.3220437,26.21135513,1,1,67,True,False,False,False,False,False,False,False,True,False,False,False
827.357846,38.70028613,1,1,140,False,False,False,True,False,False,False,False,False,False,False,False
309.267305,27.08393492,1,1,88,False,False,False,False,False,True,False,False,False,False,False,False
337.8052836,37.10602535,1,1,90,False,False,False,False,True,True,False,False,False,False,False,True
154.8523687,36.82693036,0,1,90,False,False,False,False,True,False,False,False,False,True,True,False
976.5756895,38.76669573,1,0,149,False,False,False,False,False,False,False,True,False,False,True,False
722.263603,19.27290671,0,0,90,False,False,False,False,True,True,False,False,False,False,True,False
847.9196604,39.88609669,1,1,134,False,False,False,True,False,False,False,True,False,False,True,False
308.3305889,18.59153089,0,0,82,False,False,False,True,False,False,False,False,True,False,True,False
505.118079,25.13764424,1,0,130,False,False,False,False,False,True,False,False,False,False,False,False
300.0424375,39.77393361,0,0,108,False,True,False,False,False,False,False,True,False,False,True,False
145.3006808,19.75553499,1,1,141,True,False,False,False,False,False,False,False,True,False,False,False
689.0857051,30.74555254,1,1,65,False,True,False,False,False,False,False,False,True,False,True,False
167.4043561,28.10838919,0,1,148,False,False,False,False,True,False,False,False,False,True,True,False
634.1900146,38.45166407,0,0,127,False,False,True,False,False,False,False,True,False,False,False,True
352.1426627,36.30635186,1,0,61,False,False,False,False,True,False,False,True,False,False,False,True
552.0523386,18.05799046,1,1,95,False,False,True,False,False,False,False,True,False,False,False,False
555.0473489,36.07517877,0,1,101,True,False,False,False,False,False,False,False,True,False,True,False
173.7761306,31.53011218,0,0,86,False,False,True,False,False,False,False,False,True,False,True,False
445.0093807,39.67694038,0,0,105,False,True,False,False,False,False,False,True,False,False,False,False
415.5984017,18.77423359,1,0,146,False,False,True,False,False,False,False,False,False,False,False,False
577.0726923,30.26120861,0,1,135,False,False,False,False,True,False,False,False,False,True,True,False
843.5080749,34.08150915,0,0,138,False,False,False,False,False,False,False,False,False,True,False,True
496.9768937,39.06734038,1,0,140,True,False,False,False,False,False,True,False,False,False,True,False
938.8639975,21.41042082,1,0,79,False,False,True,False,False,False,False,True,False,False,False,False
287.5030289,16.31297386,0,1,65,False,False,False,True,False,False,True,False,False,False,True,False
307.7067727,34.31677393,1,0,130,False,True,False,False,False,False,True,False,False,False,False,True
751.4080471,32.36279587,0,1,80,False,False,True,False,False,False,False,True,False,False,True,False
874.4567441,27.25686896,1,0,115,False,False,True,False,False,False,False,False,False,False,False,True
986.8663313,16.64419019,0,1,146,False,False,False,True,False,False,False,False,True,False,True,False
710.5925118,36.07728163,1,1,97,False,False,False,False,False,False,False,True,False,False,False,True
513.4312494,27.56435649,1,0,98,False,False,True,False,False,False,True,False,False,False,True,False
610.4311932,18.61865033,1,1,72,True,False,False,False,False,False,False,False,True,False,True,False
703.8420794,27.96986135,1,1,97,False,False,False,True,False,False,False,False,False,False,False,False
107.1591636,30.99115089,0,0,103,False,False,False,True,False,False,False,False,False,False,False,False
877.4693754,39.6861047,1,0,137,False,False,False,False,True,True,False,False,False,False,True,False
121.1659018,30.22056595,0,1,104,False,False,False,False,True,False,False,True,False,False,False,False
593.3755538,19.71730162,0,0,88,False,True,False,False,False,True,False,False,False,False,False,False
994.1530195,24.48722511,1,0,79,False,False,True,False,False,False,False,True,False,False,False,True
916.4109697,24.88176154,1,0,146,False,False,False,False,False,False,False,False,False,False,False,False
259.2963568,23.31401673,0,0,118,True,False,False,False,False,False,True,False,False,False,False,True
395.0489683,17.64619896,0,1,140,False,False,False,False,True,False,False,False,True,False,True,False
598.341201,30.58842992,1,1,117,False,False,False,False,False,True,False,False,False,False,False,False
935.8027653,20.88777425,1,1,71,False,False,True,False,False,True,False,False,False,False,True,False
531.2565045,32.61803657,0,0,134,False,False,False,False,True,True,False,False,False,False,False,False
179.279513,19.55041055,0,1,115,False,False,False,False,True,True,False,False,False,False,False,True
384.642863,17.51843452,1,0,90,False,False,False,False,True,False,False,False,False,False,False,False
464.5982784,37.64740409,0,0,92,False,False,False,False,True,False,False,False,False,True,False,False
796.6450618,15.49823813,1,0,131,False,False,False,True,False,False,False,False,False,True,True,False
196.9464637,24.44829135,0,0,110,False,False,True,False,False,False,False,False,True,False,False,False
839.2181158,17.32108732,0,0,149,False,False,False,False,True,False,False,False,False,False,False,False
866.193901,37.32512898,1,0,111,False,True,False,False,False,False,False,True,False,False,False,False
137.2497753,39.11489293,1,1,68,False,False,False,False,True,True,False,False,False,False,True,False
115.9697619,15.11048629,1,0,102,False,False,False,True,False,False,False,False,True,False,False,False
658.1781526,38.01540352,0,0,149,False,True,False,False,False,False,True,False,False,False,False,False
689.5190686,30.79909919,1,0,118,False,False,False,True,False,True,False,False,False,False,False,True
845.6582058,25.20836502,1,0,78,False,False,False,False,False,False,False,True,False,False,False,False
525.5906601,31.76194819,0,1,105,False,False,False,True,False,False,False,False,False,True,False,False
487.4796251,29.45833037,1,0,144,False,False,False,False,False,False,False,False,True,False,False,True
585.5527664,22.72392477,1,1,82,True,False,False,False,False,False,False,False,False,False,False,True
823.5782924,30.58358667,0,1,136,False,False,False,False,True,False,False,True,False,False,False,False
757.5746563,31.83286612,0,1,75,True,False,False,False,False,False,False,True,False,False,True,False
153.6887358,25.96182924,1,1,60,False,False,False,False,True,False,False,False,False,False,True,False
309.4499165,26.12467323,1,1,110,False,False,True,False,False,False,False,False,False,False,False,True
567.4475476,35.32637395,1,0,66,False,False,True,False,False,False,False,False,False,False,False,True
783.9345941,27.50869611,0,1,130,False,False,False,True,False,True,False,False,False,False,False,False
504.3644611,28.89317987,0,1,118,False,False,True,False,False,True,False,False,False,False,False,False
297.8955549,36.5087905,1,1,143,False,False,False,True,False,False,False,False,False,False,True,False
610.2624745,37.31458936,1,1,95,False,True,False,False,False,False,False,False,False,True,False,True
170.1931304,17.87030687,0,1,146,False,False,False,False,True,False,False,True,False,False,False,False
869.6880075,37.80320813,1,0,65,False,False,True,False,False,False,False,False,True,False,False,False
352.9073702,19.17940396,1,0,145,False,False,True,False,False,False,False,False,True,False,False,True
283.2223961,35.56953662,1,1,123,False,False,False,True,False,False,True,False,False,False,True,False
783.1492075,25.00899116,0,0,68,False,False,False,False,False,False,False,True,False,False,False,False
590.005968,18.31698309,1,1,74,False,True,False,False,False,False,False,False,False,True,False,True
634.5435346,15.84446038,1,0,139,False,False,False,False,True,False,True,False,False,False,True,False
574.3334366,18.66839177,1,0,140,False,False,False,True,False,False,True,False,False,False,False,True
909.4623265,31.40936791,1,1,108,True,False,False,False,False,False,False,False,False,False,False,False
897.0772391,27.67696637,0,1,122,True,False,False,False,False,False,False,False,True,False,False,False
348.6577348,15.47502623,1,1,149,False,False,True,False,False,True,False,False,False,False,False,False
675.4369977,16.49753796,1,1,83,False,False,False,True,False,False,False,False,False,False,False,True
360.9638124,24.8416715,1,0,99,False,False,False,False,False,False,False,False,False,True,False,True
844.8299918,36.34372108,0,0,109,False,False,True,False,False,True,False,False,False,False,False,True
609.9458088,17.76890369,0,0,67,True,False,False,False,False,False,False,False,True,False,False,True
895.5014233,38.68707348,0,1,144,False,False,True,False,False,False,False,False,True,False,True,False
613.5724767,17.79916462,0,0,90,False,False,False,False,False,True,False,False,False,False,False,False
629.9654839,17.91267569,1,0,140,False,True,False,False,False,False,False,False,True,False,False,True
101.0194206,33.80413111,0,0,117,True,False,False,False,False,False,False,True,False,False,True,False
692.6830182,30.4295928,1,0,123,False,False,True,False,False,True,False,False,False,False,False,True
629.0882048,36.3532543,0,1,126,False,False,False,False,True,False,True,False,False,False,False,True
492.6380553,35.77617859,1,1,105,False,True,False,False,False,False,True,False,False,False,False,True
831.9498086,30.09307075,1,0,92,False,False,False,False,False,False,False,False,False,True,True,False
864.0413537,16.13485191,1,1,71,False,False,True,False,False,False,False,True,False,False,False,False
142.1800404,15.68390751,0,0,136,True,False,False,False,False,False,True,False,False,False,False,False
840.3077578,24.09086449,1,0,65,False,False,False,False,False,False,True,False,False,False,True,False
901.2266359,15.42353347,1,1,138,False,True,False,False,False,False,False,False,False,False,False,False
312.6018175,35.71470866,1,1,81,False,False,False,False,False,False,False,True,False,False,False,False
615.1290773,25.45346659,1,1,131,False,False,False,False,True,False,False,False,True,False,False,False
226.8752639,34.66627907,1,0,72,False,False,False,True,False,True,False,False,False,False,False,False
904.5084595,39.24377966,1,1,64,False,False,False,False,False,False,False,False,True,False,False,True
587.8656518,15.06926341,1,1,141,True,False,False,False,False,False,False,False,True,False,False,True
683.399499,36.58698785,1,1,76,False,False,False,False,True,False,False,True,False,False,False,False
375.4737518,36.6797209,0,1,101,False,False,False,False,False,False,False,False,False,True,False,True
743.5126756,28.81321662,0,0,105,False,False,False,False,True,False,True,False,False,False,False,True
844.7742639,30.4937156,0,1,142,False,False,False,False,False,False,False,True,False,False,True,False
521.1872077,32.95499185,0,1,135,False,False,True,False,False,False,True,False,False,False,True,False
458.5995005,33.48144273,0,1,61,True,False,False,False,False,True,False,False,False,False,True,False
215.3850542,27.97578705,0,1,104,False,False,False,False,True,False,False,False,False,True,False,True
196.6101639,36.49820155,0,0,77,False,False,True,False,False,False,False,False,True,False,False,False
472.2079711,35.49372702,1,0,86,True,False,False,False,False,False,True,False,False,False,False,False
192.0376634,16.76039981,1,0,119,False,False,False,False,True,False,False,False,False,True,False,False
278.6962408,21.92200131,0,0,113,False,False,False,True,False,False,False,False,True,False,True,False
544.4364898,31.79751229,0,0,70,True,False,False,False,False,True,False,False,False,False,True,False
960.7875535,15.48704498,0,1,132,False,False,False,False,True,False,False,False,False,False,True,False
499.923555,30.42439624,1,0,124,False,False,False,False,False,False,False,False,False,False,True,False
741.0416657,31.00689614,0,0,131,False,True,False,False,False,True,False,False,False,False,False,True
876.1770056,20.89020223,1,0,148,False,False,True,False,False,False,False,True,False,False,False,True
549.2221878,17.90872013,0,0,75,False,False,False,False,True,False,False,False,True,False,False,False
618.3917038,28.08849541,0,1,98,False,False,False,False,True,False,False,False,False,False,True,False
643.8711904,34.68957675,1,1,139,False,False,False,False,True,False,False,True,False,False,True,False
812.3648636,38.91717349,0,1,129,False,False,False,True,False,False,True,False,False,False,False,False
396.6124076,25.55290755,0,0,127,False,False,True,False,False,False,False,True,False,False,False,False
460.3599281,23.65671146,1,1,146,False,False,False,True,False,False,False,False,False,True,True,False
901.8445785,26.03694484,0,0,78,False,False,False,False,False,False,False,False,True,False,False,False
591.9618672,35.43567577,1,1,96,False,False,False,False,True,True,False,False,False,False,True,False
322.1906568,28.99321277,0,0,95,False,False,False,False,False,False,False,False,False,False,False,False
502.7918059,29.52905452,1,1,146,False,False,False,False,False,False,False,False,False,False,False,False
861.7907437,19.94429823,1,1,134,False,True,False,False,False,False,False,False,False,False,False,False
440.0835226,22.69076645,0,1,124,False,False,False,True,False,False,False,False,False,False,False,True
267.1139101,23.43906967,1,1,80,False,False,False,True,False,False,False,False,False,False,False,True
908.6074198,34.09469701,0,0,78,True,False,False,False,False,False,False,False,False,False,False,True
975.9460863,23.63430166,1,0,138,False,False,False,False,False,False,False,True,False,False,False,False
378.5520396,38.14194758,1,0,64,False,False,True,False,False,False,False,True,False,False,False,False
993.2710071,22.25703951,0,0,91,True,False,False,False,False,True,False,False,False,False,True,False
450.3948105,23.87336481,1,0,83,False,False,True,False,False,False,False,False,False,False,False,False
199.9681292,25.7288115,0,1,60,True,False,False,False,False,False,False,False,True,False,False,True
655.7366893,19.42332379,0,0,80,False,True,False,False,False,False,False,False,False,True,False,True
937.2900424,30.51805211,0,1,134,False,False,False,False,False,False,False,False,False,True,False,True
724.0546738,18.99983012,0,1,84,False,True,False,False,False,True,False,False,False,False,True,False
453.5661757,33.67200645,1,1,125,True,False,False,False,False,False,False,False,False,True,False,False
364.4892537,31.7588698,0,1,131,False,False,False,False,False,False,False,False,False,False,True,False
391.6132743,19.05013946,1,1,88,False,False,False,False,False,False,False,False,False,True,True,False
573.6861089,19.72308776,0,1,141,False,False,False,False,True,False,False,False,False,True,True,False
649.3404973,38.69387525,0,1,73,False,False,True,False,False,False,True,False,False,False,False,False
941.5682295,33.35780392,0,1,125,False,True,False,False,False,False,False,False,False,True,False,True
888.2076303,39.94550938,1,0,76,False,True,False,False,False,True,False,False,False,False,True,False
575.2878552,23.23553936,1,0,67,False,False,False,False,True,False,False,False,False,False,False,False
317.67958,23.84077795,1,1,85,False,True,False,False,False,False,False,False,True,False,True,False
911.0343993,37.6281716,0,1,96,True,False,False,False,False,False,True,False,False,False,False,False
255.8136478,35.07654505,1,0,139,True,False,False,False,False,False,False,False,False,True,True,False
846.0654882,15.77365563,0,1,87,False,False,False,True,False,False,False,True,False,False,True,False
607.150252,15.5621633,1,1,136,True,False,False,False,False,False,False,True,False,False,False,True
873.6016809,28.81525779,0,1,93,False,True,False,False,False,False,False,True,False,False,False,True
657.4681461,15.81943019,1,1,101,False,False,False,False,True,False,False,True,False,False,False,True
898.5924703,33.10721992,0,0,97,False,False,False,False,True,False,False,False,False,False,False,True
516.6737564,22.21935548,0,1,113,False,False,False,False,True,False,False,False,True,False,False,False
170.8144562,29.11637668,0,1,133,False,True,False,False,False,False,False,False,False,False,False,True
528.0007223,28.00738724,1,0,111,False,False,False,True,False,False,False,False,False,False,False,True
860.828087,29.34551923,0,0,138,True,False,False,False,False,False,False,False,False,False,True,False
841.5627151,17.57187667,1,1,98,True,False,False,False,False,False,False,False,False,True,False,True
422.594227,27.79641795,1,0,83,False,True,False,False,False,False,True,False,False,False,True,False
236.9853893,30.05747961,1,1,145,False,False,False,False,True,False,False,False,False,True,False,False
988.2435823,19.40767355,0,1,80,True,False,False,False,False,False,True,False,False,False,False,False
192.4690455,17.17320588,1,1,129,True,False,False,False,False,False,False,False,False,True,False,False
115.9868089,32.81937378,1,1,140,False,False,False,False,True,True,False,False,False,False,True,False
959.5679823,22.31279582,0,0,139,False,False,False,False,False,False,False,False,True,False,False,True
667.7416142,25.86223198,1,0,103,False,False,True,False,False,False,True,False,False,False,True,False
801.9315772,24.73370942,0,1,113,False,True,False,False,False,True,False,False,False,False,True,False
275.0273811,38.8671577,1,0,103,True,False,False,False,False,False,True,False,False,False,True,False
947.867478,21.47318399,1,1,65,False,False,False,False,False,False,False,False,False,True,False,False
905.203025,32.8210149,1,0,105,False,False,False,False,True,False,True,False,False,False,True,False
351.0026371,19.82001585,1,1,143,False,True,False,False,False,False,False,False,False,True,True,False
632.4259511,18.52323467,1,0,146,True,False,False,False,False,False,False,False,False,False,False,True
848.894533,39.67423293,1,0,131,True,False,False,False,False,True,False,False,False,False,False,True
930.8668269,38.06038185,1,1,61,False,True,False,False,False,False,False,True,False,False,True,False
992.5621553,36.14068672,0,1,83,False,False,True,False,False,False,False,False,False,True,False,True
193.889733,37.15726558,1,0,73,False,False,True,False,False,False,False,False,False,True,True,False
897.1034542,27.77201805,0,0,84,False,True,False,False,False,False,False,False,False,False,False,True
451.1234884,30.49661785,0,1,102,False,False,False,True,False,True,False,False,False,False,False,True
937.4808155,39.93520425,0,0,145,False,False,False,False,False,False,False,False,False,True,False,False
435.2542293,25.49630625,0,1,74,False,False,False,False,True,False,False,False,True,False,False,True
213.9716747,24.14789168,1,0,107,False,False,True,False,False,True,False,False,False,False,False,False
398.8005212,37.33910578,0,0,131,True,False,False,False,False,False,False,True,False,False,True,False
466.0562759,29.55821562,1,0,139,False,False,False,False,False,False,True,False,False,False,False,True
416.8986316,23.19081003,1,1,95,True,False,False,False,False,True,False,False,False,False,False,True
633.4764319,32.35147777,1,1,109,False,False,False,True,False,False,False,False,False,True,False,True
198.7530265,24.28053974,0,1,137,False,False,True,False,False,False,False,False,False,False,False,False
250.5574624,29.90508094,1,1,135,True,False,False,False,False,False,False,False,True,False,False,True
544.0332828,38.58137021,0,1,71,False,False,True,False,False,True,False,False,False,False,False,False
648.7244111,28.50166989,0,0,135,True,False,False,False,False,False,False,False,True,False,True,False
293.0170316,17.07442453,0,1,142,False,False,True,False,False,False,False,False,True,False,False,False
549.0058743,27.72186863,1,1,96,True,False,False,False,False,False,False,False,True,False,False,True
745.3944476,32.87995605,1,1,111,False,False,True,False,False,False,False,True,False,False,False,True
900.3110977,33.87532257,1,1,86,False,True,False,False,False,False,False,False,False,True,False,True
438.3809948,28.87887305,1,1,114,False,False,False,False,True,False,False,False,False,False,False,True
185.5906478,33.09814855,1,0,122,False,False,False,False,False,False,True,False,False,False,False,True
916.685012,34.28733088,0,1,75,False,True,False,False,False,False,False,True,False,False,False,False
194.1546747,39.1775056,0,1,109,False,True,False,False,False,False,False,False,True,False,False,False
569.9408717,27.55667834,0,1,124,False,False,False,False,True,False,True,False,False,False,False,True
419.6524662,19.11218674,1,1,69,False,False,False,False,True,False,False,True,False,False,False,True
183.0344065,27.34615077,1,0,143,True,False,False,False,False,True,False,False,False,False,False,False
471.0424741,18.21705517,1,1,69,False,False,False,True,False,False,False,False,False,False,False,True
283.0802623,27.97421128,0,1,71,False,False,False,True,False,False,False,False,False,True,False,True
428.1253036,37.81791568,0,0,89,False,False,False,True,False,True,False,False,False,False,False,True
817.0853665,28.29988608,1,0,124,False,False,True,False,False,True,False,False,False,False,False,True
289.7027342,24.42559172,1,1,79,False,True,False,False,False,False,False,True,False,False,False,True
352.9674093,32.58733523,0,0,109,False,False,False,True,False,False,True,False,False,False,False,True
877.2954639,24.28692461,0,0,92,False,False,False,True,False,True,False,False,False,False,False,False
797.4711824,37.70497447,0,1,74,False,False,False,True,False,False,False,False,False,True,True,False
690.5943253,23.74571805,0,1,86,True,False,False,False,False,False,False,False,True,False,False,False
680.1422119,34.48425673,1,0,109,False,False,False,False,True,False,False,False,False,True,True,False
163.7029475,21.39884086,1,0,126,False,False,False,True,False,False,False,True,False,False,True,False
774.2851873,17.42170041,0,0,136,True,False,False,False,False,False,False,True,False,False,False,True
257.1829168,33.58929686,1,0,63,False,False,False,True,False,True,False,False,False,False,False,False
696.3488051,19.20383782,0,1,146,False,False,False,True,False,False,False,False,False,False,False,True
787.0843057,25.67291966,0,0,68,False,False,False,False,True,False,False,True,False,False,False,False
245.3055348,31.71818813,1,1,70,True,False,False,False,False,False,False,False,False,False,True,False
695.208413,23.73628527,1,0,139,False,True,False,False,False,False,True,False,False,False,False,False
809.9944224,22.36980946,1,1,99,True,False,False,False,False,False,False,False,True,False,False,False
757.1739295,35.776646,1,1,107,False,False,True,False,False,False,True,False,False,False,False,True
433.1787952,34.75176131,0,1,127,False,False,False,False,False,False,False,False,False,True,False,False
549.6942454,18.24958473,1,1,107,False,False,True,False,False,False,False,True,False,False,False,True
796.5427532,26.1630712,1,1,63,False,False,False,False,True,False,False,False,False,True,False,True
228.620149,36.03057452,1,1,124,False,False,True,False,False,False,True,False,False,False,False,True
615.3492037,27.7556319,1,0,142,False,False,False,False,True,True,False,False,False,False,True,False
608.8387329,25.75337468,0,0,95,False,False,False,False,True,False,False,False,True,False,False,False
178.1712791,23.67093029,0,0,111,False,False,False,False,False,True,False,False,False,False,False,False
648.6967692,29.54703876,1,0,61,False,False,False,False,True,True,False,False,False,False,False,False
415.9623753,23.79621885,0,1,89,False,False,False,True,False,False,False,False,False,True,False,True
492.5633865,17.20915031,0,1,86,True,False,False,False,False,False,False,True,False,False,False,False
632.0865101,29.13572873,1,0,134,False,False,True,False,False,True,False,False,False,False,False,True
849.4992051,32.08102535,1,1,124,False,False,False,True,False,False,False,True,False,False,True,False
739.457863,16.52505494,1,0,124,False,True,False,False,False,True,False,False,False,False,False,False
569.2961349,34.97324736,1,1,73,True,False,False,False,False,True,False,False,False,False,False,True
368.0436595,31.69055734,0,0,84,False,False,False,True,False,False,False,False,True,False,True,False
752.143335,30.18321096,1,0,81,False,True,False,False,False,False,False,False,True,False,False,True
716.3336741,21.96898375,1,1,100,False,True,False,False,False,False,False,False,True,False,False,False
352.209285,22.42369901,0,0,86,False,True,False,False,False,False,False,False,True,False,False,False
656.6738187,29.72230194,0,0,133,False,False,False,False,False,False,False,False,False,True,True,False
722.2986622,35.97022852,1,0,92,True,False,False,False,False,False,True,False,False,False,False,False
514.7855407,35.62100342,1,0,71,False,False,False,False,True,False,False,False,True,False,True,False
268.2885342,31.84586792,1,1,60,False,False,False,True,False,False,False,True,False,False,True,False
541.1505217,39.92691312,1,0,68,False,False,False,False,True,False,True,False,False,False,False,False
613.9858959,33.1895547,0,1,107,False,True,False,False,False,False,False,False,False,False,False,True
964.7073422,26.83998595,0,1,61,False,True,False,False,False,False,True,False,False,False,False,False
165.9624509,18.93290305,1,1,66,False,False,True,False,False,True,False,False,False,False,False,True
875.4888602,15.27359468,0,1,138,True,False,False,False,False,False,False,False,False,False,False,True
235.954333,36.4103995,1,1,101,False,True,False,False,False,False,False,False,False,True,True,False
720.2917792,20.41760018,1,1,92,True,False,False,False,False,True,False,False,False,False,False,True
408.6791918,31.61257335,0,0,95,False,False,False,True,False,True,False,False,False,False,True,False
811.157804,19.94653469,1,1,116,False,False,False,True,False,False,False,True,False,False,False,False
622.9178355,20.93042072,1,1,98,False,False,False,False,True,True,False,False,False,False,True,False
153.9277206,27.111641,1,1,149,False,False,True,False,False,False,True,False,False,False,False,True
348.7276923,22.55525505,1,0,112,False,True,False,False,False,False,False,False,False,False,True,False
247.9904743,35.38520625,0,1,137,False,False,False,False,True,True,False,False,False,False,True,False
650.211304,21.36375184,1,0,82,False,False,True,False,False,False,False,False,False,True,False,True
765.6877927,26.56508717,0,0,98,False,False,False,False,False,True,False,False,False,False,False,True
863.7539839,22.0810869,1,1,63,False,False,True,False,False,False,False,False,True,False,False,False
395.4968798,35.84480266,0,1,143,False,False,False,False,True,False,False,False,False,True,False,True
133.2514889,36.43258809,0,1,120,False,True,False,False,False,False,False,True,False,False,False,False
168.4832997,17.98558075,1,0,60,False,False,True,False,False,False,False,True,False,False,True,False
826.3688147,39.38989396,1,1,149,False,False,False,True,False,False,False,False,False,True,False,True
947.4859522,35.2656541,0,1,118,False,False,False,False,False,False,False,True,False,False,True,False
181.5878606,26.75272858,1,0,127,False,False,False,False,True,False,False,False,False,True,False,True
222.0819733,15.50685033,0,0,114,True,False,False,False,False,False,False,True,False,False,True,False
599.8754927,19.90929232,1,0,63,False,True,False,False,False,True,False,False,False,False,False,False
366.9554212,36.69713247,0,1,73,False,False,True,False,False,True,False,False,False,False,True,False
893.2481292,15.32394726,0,0,101,False,False,False,True,False,False,False,False,False,True,True,False
152.293987,25.84847436,0,0,124,True,False,False,False,False,True,False,False,False,False,True,False
590.0850676,19.3819237,1,1,102,False,False,False,False,True,False,False,False,False,True,False,False
178.9501468,23.32577998,1,0,127,False,False,False,True,False,False,False,False,True,False,False,True
674.9343882,24.37700761,0,0,112,False,False,True,False,False,False,False,False,False,False,False,False
304.9163723,38.50531242,1,0,126,False,True,False,False,False,False,False,True,False,False,False,False
550.8610321,22.40777899,1,0,65,False,False,True,False,False,False,False,False,False,False,False,True
161.1124029,38.38398939,0,0,143,False,False,False,True,False,False,False,True,False,False,True,False
351.595999,29.35629879,1,0,71,False,False,False,False,False,False,False,False,False,True,False,False
110.3307901,36.69542499,0,0,120,True,False,False,False,False,True,False,False,False,False,False,True
264.5267909,32.5691373,0,1,124,False,False,False,False,True,False,True,False,False,False,False,False
874.5694545,16.96327278,1,1,123,False,False,False,False,True,False,False,True,False,False,False,True
741.8325984,26.41700147,0,0,84,False,False,False,False,False,True,False,False,False,False,False,False
291.2199488,38.11796479,1,1,76,False,False,False,False,False,False,False,True,False,False,False,False
529.2489666,23.77628238,0,1,146,False,False,False,False,True,True,False,False,False,False,True,False
491.9395917,16.60175923,0,0,98,False,True,False,False,False,False,False,True,False,False,False,True
693.6864594,33.23859315,0,1,102,False,True,False,False,False,False,False,False,False,False,False,True
215.2967022,34.26853795,1,1,103,False,False,True,False,False,False,False,False,False,False,False,False
952.4925355,23.08741195,1,0,122,False,False,True,False,False,True,False,False,False,False,True,False
630.5132559,25.51927591,1,1,144,False,False,False,False,False,False,False,False,False,False,False,True
193.7922908,38.88483152,0,1,78,False,False,False,False,True,True,False,False,False,False,False,False
107.5587022,27.42997034,0,0,138,False,False,False,False,True,True,False,False,False,False,False,True
269.2364778,26.23879876,1,0,95,False,False,False,True,False,False,True,False,False,False,True,False
212.5354978,35.29003679,0,1,114,False,True,False,False,False,False,False,False,False,False,False,True
994.1766654,39.90684891,0,0,96,False,False,False,False,True,False,False,False,False,False,False,True
202.1594499,17.99240792,0,0,143,False,False,False,True,False,False,False,False,False,False,True,False
417.7844833,36.9623925,1,0,137,False,True,False,False,False,False,False,False,False,False,True,False
356.8611001,24.01235722,1,1,86,False,True,False,False,False,False,False,True,False,False,False,False
168.0922057,16.4014742,0,1,110,False,False,True,False,False,False,False,False,True,False,False,True
169.2560511,36.42721823,0,0,100,False,False,False,False,False,False,False,False,False,True,False,False
858.4998401,23.35944287,0,0,136,False,True,False,False,False,False,False,False,True,False,False,True
693.8977748,28.13080174,1,1,146,False,False,True,False,False,False,True,False,False,False,False,False
469.2216028,17.82877749,1,1,99,False,False,True,False,False,False,False,True,False,False,False,False
665.708971,34.25403379,0,1,88,True,False,False,False,False,True,False,False,False,False,False,False
908.62472,29.72093553,0,1,86,False,False,True,False,False,False,True,False,False,False,False,False
275.1986704,15.66036134,1,0,82,False,False,False,True,False,False,False,False,False,True,False,False
463.4167268,18.07517152,0,0,107,False,True,False,False,False,False,False,True,False,False,False,True
849.2031918,15.30713094,0,0,96,False,False,False,False,True,True,False,False,False,False,True,False
313.7973071,34.33616291,1,0,101,False,False,False,True,False,True,False,False,False,False,False,True
778.4475138,19.45295302,1,0,126,False,False,True,False,False,False,False,False,False,True,True,False
447.0544133,26.21116388,0,0,109,False,False,False,False,True,True,False,False,False,False,True,False
414.4259138,18.45304767,1,0,127,False,False,False,False,False,False,False,True,False,False,True,False
166.9016788,23.06572406,0,0,77,False,False,False,True,False,False,False,True,False,False,False,True
143.3305734,18.14911874,1,1,78,False,False,False,True,False,False,False,False,False,True,True,False
279.4627726,36.10297946,0,1,142,False,False,False,False,False,False,True,False,False,False,False,False
425.5088787,34.42295453,1,0,121,False,False,True,False,False,True,False,False,False,False,False,True
612.498687,33.66187952,0,1,61,True,False,False,False,False,True,False,False,False,False,True,False
244.2671528,38.7159219,0,1,123,False,False,False,True,False,False,True,False,False,False,True,False
365.5517483,26.3821813,0,0,111,False,False,False,False,False,False,False,False,True,False,False,False
383.5624849,38.73538417,1,1,79,True,False,False,False,False,False,False,False,False,False,False,True
785.4581326,33.83380795,0,1,109,False,False,False,False,True,False,False,False,False,False,True,False
861.0177848,16.18748152,0,0,113,False,False,True,False,False,True,False,False,False,False,False,True
440.6728805,35.71588892,0,1,98,True,False,False,False,False,False,True,False,False,False,True,False
519.3070377,23.70710619,1,0,106,False,False,False,False,False,False,False,False,True,False,False,False
769.7255412,24.89414114,1,0,111,False,False,False,False,True,False,True,False,False,False,False,False
106.9572451,28.58141325,0,1,79,False,False,False,True,False,False,False,False,False,False,False,False
928.4532924,32.11585699,0,1,145,False,False,False,False,False,False,False,False,False,False,False,True
689.4876305,24.70440776,1,0,105,True,False,False,False,False,False,False,False,False,True,False,True
185.5314631,32.14388839,0,1,140,False,False,False,True,False,False,False,False,False,False,False,True
928.7468117,17.54081344,0,1,140,True,False,False,False,False,False,True,False,False,False,False,True
821.5785232,24.94138447,0,0,61,False,False,False,False,True,False,False,False,False,True,False,True
610.9806871,15.44926758,1,1,101,False,False,False,False,True,False,True,False,False,False,False,False
505.8974021,33.18794477,1,0,68,True,False,False,False,False,False,True,False,False,False,False,True
670.716946,15.1390713,0,0,148,False,False,False,True,False,False,False,False,False,False,False,False
330.7949924,38.51166105,0,1,135,False,False,False,False,False,False,False,False,True,False,False,True
114.5651314,20.79183445,1,1,68,False,False,False,False,True,False,False,False,False,False,True,False
619.4479511,36.32041764,1,1,128,False,False,False,False,True,True,False,False,False,False,True,False
503.8708158,23.42728256,0,0,62,False,False,True,False,False,False,False,False,False,True,False,True
503.2223476,37.97029655,0,0,67,False,True,False,False,False,False,False,False,False,False,False,True
943.3883133,35.56962782,0,0,140,False,False,False,True,False,False,False,False,False,False,True,False
714.3206179,19.33008064,0,1,87,False,False,True,False,False,False,True,False,False,False,False,True
199.7848962,23.65775655,0,0,141,False,False,False,False,False,True,False,False,False,False,False,True
623.0582981,24.02023067,0,0,132,True,False,False,False,False,False,False,False,False,False,False,True
150.0095855,34.75889741,1,0,123,False,False,False,True,False,False,False,False,False,False,False,False
796.0816521,25.09518918,1,1,85,False,False,False,False,False,False,False,False,False,False,True,False
114.1888519,36.058282,0,1,72,False,False,True,False,False,False,True,False,False,False,False,True
290.6897598,23.86060373,1,1,101,True,False,False,False,False,False,False,False,True,False,False,False
822.2162136,27.89324846,0,0,99,False,False,False,False,True,False,False,True,False,False,False,True
227.3209582,33.70572066,0,0,89,True,False,False,False,False,False,False,False,True,False,False,True
643.35943,17.75897317,1,0,60,False,True,False,False,False,True,False,False,False,False,False,False
185.9354906,35.27074722,0,1,64,False,True,False,False,False,False,True,False,False,False,False,True
417.7959713,38.50516137,1,1,86,True,False,False,False,False,False,False,False,False,False,False,True
983.4760321,28.71469156,0,0,104,False,False,False,False,True,False,False,False,True,False,False,False
893.0129299,16.94709501,0,1,87,False,False,True,False,False,False,True,False,False,False,False,True
315.8919568,29.1577628,1,0,108,True,False,False,False,False,False,True,False,False,False,False,True
641.6148248,33.96599196,1,1,99,False,False,False,True,False,False,False,False,False,False,False,True
469.6878461,24.2628872,0,1,146,False,False,False,True,False,False,False,False,True,False,False,False
357.4849435,18.72323916,1,0,138,False,True,False,False,False,False,False,False,False,True,False,False
885.4575689,34.17791722,1,0,131,False,False,False,False,True,False,True,False,False,False,False,False
881.5862454,16.0468424,1,1,103,False,False,False,False,True,True,False,False,False,False,False,True
475.7819349,22.94625368,0,0,94,False,False,False,False,False,False,False,False,True,False,True,False
369.4477164,26.38168663,0,0,136,False,False,False,False,False,False,False,False,True,False,False,True
367.6189356,19.44790774,1,1,84,False,False,False,True,False,False,False,True,False,False,True,False
782.9057165,34.96551114,1,1,123,False,True,False,False,False,True,False,False,False,False,False,False
446.0063394,33.29949785,1,0,76,False,False,False,False,False,False,False,False,False,True,False,False
870.1972673,33.06848445,1,0,75,False,True,False,False,False,False,False,True,False,False,False,False
227.3966622,32.90981918,0,1,81,False,False,False,False,True,False,False,True,False,False,False,True
874.9747777,33.22486926,1,1,132,False,True,False,False,False,False,False,False,True,False,False,True
684.3022571,37.97082123,1,1,134,False,False,False,False,True,False,False,False,False,True,False,False
489.6776756,28.4948637,0,0,95,False,False,True,False,False,False,False,False,False,False,False,False
383.2188376,25.66027012,0,0,144,True,False,False,False,False,False,False,False,True,False,True,False
316.2535401,37.19239949,1,0,90,False,False,True,False,False,False,False,False,False,True,True,False
858.9309424,30.22162583,1,0,79,False,False,True,False,False,False,False,True,False,False,False,True
703.9697137,15.50877079,0,1,136,False,False,False,False,False,True,False,False,False,False,False,False
524.9867222,22.25950041,1,1,107,False,False,True,False,False,False,True,False,False,False,False,True
970.6082169,26.81797538,0,1,123,True,False,False,False,False,False,False,False,True,False,True,False
382.353526,31.15306703,0,1,72,True,False,False,False,False,False,False,False,True,False,False,True
990.611126,38.94584052,0,1,71,False,False,False,True,False,False,False,False,False,False,False,True
365.1492454,32.25378182,1,1,127,False,True,False,False,False,False,False,True,False,False,False,False
730.3791744,31.62068737,1,1,110,False,False,False,False,True,False,False,False,False,True,False,False
274.173226,20.05345262,0,0,148,True,False,False,False,False,False,False,False,False,False,True,False
472.6429286,19.03395557,0,0,69,False,False,True,False,False,False,True,False,False,False,False,False
589.7302561,29.25587018,1,0,107,False,False,False,True,False,False,False,False,True,False,True,False
380.8856776,19.23002888,0,1,119,False,False,False,False,True,False,False,False,False,False,False,False
432.4027528,26.29321813,1,0,78,False,True,False,False,False,False,False,False,True,False,False,False
643.0318606,19.95067732,1,0,95,False,True,False,False,False,False,False,False,False,False,False,False
131.6302514,17.80421898,0,0,104,False,False,False,False,False,False,True,False,False,False,True,False
829.146247,33.30813396,1,0,114,False,False,True,False,False,False,False,False,True,False,False,False
801.9406398,28.7622216,0,1,124,False,False,True,False,False,True,False,False,False,False,False,True
356.8231001,36.5777972,1,0,130,False,False,False,False,True,True,False,False,False,False,False,False
600.5133541,34.06403927,1,1,61,True,False,False,False,False,False,False,True,False,False,False,False
838.8717355,21.33565957,1,0,109,False,False,False,False,False,False,False,False,True,False,True,False
334.7285763,31.13704658,1,1,140,False,False,False,False,False,False,False,False,False,True,False,True
396.3061616,22.37138095,0,0,145,False,False,False,False,False,False,True,False,False,False,False,True
827.977618,23.75879959,1,0,105,False,False,False,True,False,True,False,False,False,False,True,False
655.7206152,23.60937097,0,1,135,False,True,False,False,False,False,False,False,True,False,False,True
376.7664661,15.70976421,1,1,77,False,False,True,False,False,False,False,False,True,False,False,True
683.6850774,15.54731064,0,0,143,False,False,False,True,False,False,False,False,True,False,False,False
850.7830265,21.33183509,1,0,71,False,True,False,False,False,False,False,False,False,True,False,True
993.8401277,23.75306335,0,0,112,False,False,False,True,False,False,False,False,True,False,True,False
483.1190383,21.88978592,1,1,114,True,False,False,False,False,True,False,False,False,False,False,True
854.8467239,35.39131399,1,1,66,False,False,False,False,True,False,False,True,False,False,False,True
603.7836946,17.89189693,0,0,69,True,False,False,False,False,False,False,False,True,False,True,False
839.9070348,29.18128239,0,0,66,True,False,False,False,False,False,False,False,False,False,False,False
624.7140209,29.02005232,1,1,145,False,False,False,False,True,False,True,False,False,False,False,False
508.9661623,35.36575549,1,1,77,False,True,False,False,False,False,False,True,False,False,True,False
680.3173578,20.02262748,0,0,77,False,False,False,False,True,False,False,True,False,False,False,True
946.6788966,35.04469112,0,1,74,False,True,False,False,False,False,False,False,False,True,False,True
705.8152311,24.15189465,1,0,62,False,False,False,False,True,False,False,False,False,True,False,False
239.2547325,17.18014553,0,1,99,False,False,False,False,True,False,False,False,False,False,False,False
262.9502473,36.93758409,0,1,142,True,False,False,False,False,False,False,True,False,False,False,True
621.7783877,26.84317298,1,0,77,False,False,False,False,False,False,False,True,False,False,True,False
540.5550044,22.87657201,1,0,146,False,False,False,False,True,False,False,False,False,False,False,False
138.9384998,31.61116417,1,0,139,False,False,False,False,False,False,False,True,False,False,False,False
878.9646246,30.7710597,0,1,148,False,False,False,False,True,True,False,False,False,False,False,True
437.5996379,33.72773003,1,1,109,False,True,False,False,False,False,False,True,False,False,False,True
200.6454017,24.99752958,1,0,116,False,False,False,False,False,False,True,False,False,False,False,True
686.281663,31.93846342,0,1,83,False,False,False,False,False,False,False,False,True,False,False,False
652.3472833,39.1556963,0,1,76,True,False,False,False,False,False,True,False,False,False,True,False
303.6896679,31.36499083,0,0,74,False,False,False,True,False,True,False,False,False,False,True,False
516.9707883,17.45003805,0,1,120,False,True,False,False,False,False,False,False,True,False,False,True
855.6629597,36.32528888,1,0,118,False,False,False,False,False,False,False,True,False,False,False,True
979.4557989,16.63853378,0,0,149,False,False,False,False,False,False,False,False,False,True,False,False
834.4855685,24.40228773,0,1,96,True,False,False,False,False,False,False,False,True,False,False,False
999.1879097,19.24034393,0,0,78,True,False,False,False,False,False,False,False,False,False,True,False
481.1685959,17.14482774,0,0,117,True,False,False,False,False,False,False,False,False,True,False,True
343.0011006,16.30234893,0,1,95,False,False,True,False,False,False,True,False,False,False,False,True
734.9436401,17.78008484,1,0,132,False,True,False,False,False,False,True,False,False,False,False,True
745.154172,28.86812372,1,1,110,False,False,False,True,False,False,False,True,False,False,False,True
825.6328048,29.738418,0,1,70,False,False,False,True,False,False,False,True,False,False,False,False
434.6546554,35.18784745,0,0,134,False,False,False,True,False,True,False,False,False,False,True,False
167.1790895,26.64464969,1,1,137,False,False,False,False,False,True,False,False,False,False,False,False
204.3674619,17.66146241,0,0,114,True,False,False,False,False,False,False,True,False,False,True,False
532.7259782,39.492362,0,0,96,False,True,False,False,False,False,False,True,False,False,True,False
233.8373352,25.54651286,1,1,102,False,True,False,False,False,True,False,False,False,False,True,False
277.1723848,15.0343662,0,1,69,True,False,False,False,False,False,True,False,False,False,True,False
992.6732816,18.02614225,1,1,140,False,False,True,False,False,True,False,False,False,False,True,False
701.6374756,22.91265509,0,0,104,False,True,False,False,False,False,False,False,False,True,False,False
774.3957161,26.95981296,1,0,95,False,False,True,False,False,False,False,True,False,False,False,False
325.2218346,24.87562646,1,1,111,True,False,False,False,False,False,False,True,False,False,False,False
835.0323108,32.78484152,0,0,117,False,False,False,True,False,False,False,False,False,False,True,False
180.7203767,18.21203323,0,0,83,False,False,True,False,False,False,True,False,False,False,True,False
863.479586,29.17763779,0,1,105,False,False,False,True,False,False,True,False,False,False,True,False
168.1154628,19.2192871,0,1,75,False,False,False,False,False,False,False,True,False,False,True,False
599.9133448,20.16388874,0,1,98,False,False,False,False,True,False,False,False,True,False,False,False
421.3925816,26.90353635,0,0,81,False,False,False,False,False,True,False,False,False,False,False,True
153.0168034,26.79696697,0,0,69,False,False,False,False,True,True,False,False,False,False,True,False
162.8146603,18.09748429,1,0,143,False,True,False,False,False,False,True,False,False,False,False,True
562.3277855,18.32095113,1,1,118,True,False,False,False,False,False,True,False,False,False,False,True
623.4704496,36.73848224,1,1,134,False,False,True,False,False,True,False,False,False,False,False,True
348.3353963,37.74767735,0,1,107,False,True,False,False,False,False,False,False,False,False,True,False
929.1237352,29.67730314,0,1,134,False,False,False,False,False,True,False,False,False,False,True,False
564.9727199,31.28078016,1,1,132,False,False,True,False,False,False,False,True,False,False,False,False
644.5042689,24.45318456,1,1,89,True,False,False,False,False,False,False,True,False,False,False,True
757.5859821,34.10702587,1,1,147,False,True,False,False,False,False,False,False,False,True,False,False
258.3465148,33.09557269,0,0,123,False,False,False,False,False,False,False,False,False,True,False,True
906.3365437,33.20784126,1,0,108,False,False,False,False,False,False,False,False,False,True,False,False
604.9318061,17.47799644,1,1,112,False,False,False,False,True,False,False,False,False,False,False,True
732.4539374,19.21204042,0,0,129,False,False,True,False,False,False,False,False,False,True,False,False
343.7993468,37.73192182,0,0,137,False,False,False,False,True,False,False,False,False,True,False,False
740.9936187,38.55072604,1,1,110,False,False,False,False,True,False,False,False,False,True,False,True
639.9355162,36.90902603,1,0,138,False,False,False,False,True,True,False,False,False,False,False,False
628.8669794,34.66890885,1,1,75,False,False,True,False,False,False,False,False,False,True,False,True
535.9879831,20.90823808,0,0,75,True,False,False,False,False,False,True,False,False,False,True,False
186.2577747,32.39164439,1,1,115,False,False,False,True,False,False,False,False,False,False,False,True
522.7986261,37.36042098,0,0,65,False,False,False,False,False,False,False,True,False,False,True,False
419.3219468,20.46718284,1,0,97,False,False,False,False,False,False,True,False,False,False,False,True
646.9831623,33.06165478,1,1,116,False,False,False,True,False,False,False,False,False,False,False,False
142.4325171,27.44249731,1,1,82,False,True,False,False,False,False,True,False,False,False,False,True
861.3751033,34.0920068,0,1,138,False,False,True,False,False,False,False,True,False,False,False,True
539.2475766,21.60330612,0,0,102,False,False,False,False,False,False,True,False,False,False,False,True
408.219312,21.85221469,0,1,133,False,False,False,True,False,False,False,False,True,False,False,False
773.3103298,25.74860472,1,1,108,False,False,False,False,False,False,False,False,False,True,False,False
925.7231038,17.0858227,0,0,64,False,False,False,True,False,False,False,False,False,True,False,True
651.6644637,30.88349722,1,0,96,False,False,True,False,False,True,False,False,False,False,False,True
356.9107804,37.70027735,0,1,93,False,True,False,False,False,False,False,False,False,True,False,True
183.9396984,34.22792305,1,0,99,False,False,False,False,False,False,True,False,False,False,False,False
787.1044127,28.45956044,1,1,85,False,False,True,False,False,False,True,False,False,False,False,True
528.5809455,37.64597737,0,0,78,True,False,False,False,False,False,True,False,False,False,True,False
419.0895784,25.37666417,1,0,87,False,False,False,False,False,False,True,False,False,False,True,False
798.5162746,31.74023326,1,0,138,False,False,True,False,False,False,True,False,False,False,True,False
900.7338409,32.53272624,0,1,111,False,False,False,True,False,True,False,False,False,False,True,False
403.5427828,27.28258926,0,0,131,False,False,True,False,False,False,False,False,False,False,True,False
711.0978531,37.61244642,1,0,106,False,True,False,False,False,False,False,False,True,False,True,False
888.6684357,24.41144592,1,1,66,False,False,False,False,True,False,False,False,False,True,False,True
681.7595919,15.2086061,1,1,82,False,False,True,False,False,False,False,False,False,True,False,False
135.762878,21.54430511,0,1,87,False,False,False,False,True,False,False,True,False,False,True,False
395.5815539,16.05099783,1,1,142,True,False,False,False,False,False,False,True,False,False,False,True
587.8505003,38.94552665,1,1,99,False,False,False,False,True,True,False,False,False,False,False,False
731.1846783,31.72812393,1,0,94,False,False,False,True,False,True,False,False,False,False,False,False
667.351471,35.6528193,1,0,91,True,False,False,False,False,False,False,False,False,True,False,False
607.0083551,35.30531204,0,0,73,False,True,False,False,False,False,False,False,True,False,True,False
551.5683722,22.65677759,1,0,113,False,False,False,False,False,False,False,False,False,True,False,False
254.9676836,27.06616028,1,1,62,False,False,False,False,False,False,True,False,False,False,False,True
592.2111296,35.40688202,1,0,72,False,False,False,False,False,False,False,False,True,False,False,False
720.1120011,36.34658459,1,1,134,True,False,False,False,False,False,False,False,False,False,False,True
441.4867639,18.15251881,1,0,76,False,False,False,True,False,False,True,False,False,False,True,False
888.7950762,25.22822705,1,0,61,False,False,False,False,True,False,True,False,False,False,True,False
825.8191756,33.6649605,0,1,116,False,True,False,False,False,False,False,True,False,False,False,False
742.6012698,38.45331336,0,0,77,True,False,False,False,False,False,False,True,False,False,False,True
990.267439,24.07205187,0,1,110,True,False,False,False,False,True,False,False,False,False,False,True
823.1399235,24.64419044,0,1,131,False,False,True,False,False,True,False,False,False,False,True,False
588.3827165,26.17204271,0,1,70,False,False,True,False,False,False,False,True,False,False,False,True
457.9632768,26.39824881,1,1,109,False,True,False,False,False,False,False,False,False,False,False,True
146.7847145,32.93950416,1,0,146,True,False,False,False,False,False,False,False,False,True,False,False
146.0455763,23.93576446,1,1,111,False,False,True,False,False,False,False,True,False,False,False,True
207.9256707,34.01824557,0,1,145,False,True,False,False,False,False,False,False,False,True,False,False
